rsID,chr37,pos37,chr38,pos38
rs1667394,15,28530182,15,28285036
rs1129038,15,28356859,15,28111713
rs12913832,15,28365618,15,28120472
rs28777,5,33958959,5,33958854
rs28117,5,33962770,5,33962665
rs1426654,15,48426484,15,48134287
rs4778138,15,28335820,15,28090674
rs11636232,15,28386626,15,28141480
rs16891982,5,33951693,5,33951588
rs1408794,9,12651340,9,12651340
rs1800407,15,28230318,15,27985172
rs7178315,15,28237909,15,27992763
rs1408799,9,12672097,9,12672097
rs16929340,9,12674124,9,12674124
rs114873,12,89340293,12,88946516
rs11852452,15,28080692,15,27835546
rs683,9,12709305,9,12709305
rs4778199,15,28106587,15,27861441
rs977588,15,28179306,15,27934160
rs12203592,6,396321,6,396321
rs4904868,14,92781001,14,92314657
rs977589,15,28179603,15,27934457
rs7748534,6,427152,6,427152
rs8034072,15,28186658,15,27941512
rs1015362,20,32738612,20,34150806
rs4049255,5,33883233,5,33883128
rs2402130,14,92801203,14,92334859
rs8006358,14,92705919,14,92239575
rs642742,12,89299746,12,88905969
rs1393350,11,89011046,11,89277878
rs4911414,20,32729444,20,34141638
rs2703960,15,28177872,15,27932726
rs1126809,11,89017961,11,89284793
rs6142129,20,32819871,20,34232065
rs2871772,15,27991724,15,27746578
rs7773324,6,382559,6,382559
rs35401,5,33941356,5,33941251
rs288139,5,107400505,5,108064804
rs10765198,11,88969774,11,89236606
rs12896399,14,92773663,14,92307319
rs3930739,15,28040342,15,27795196
rs3778607,6,403799,6,403799
rs2671422,6,398775,6,398775
rs1805009,16,89986546,16,89920138
rs11547464,16,89986091,16,89919683
rs1805007,16,89986117,16,89919709
rs1805008,16,89986144,16,89919736
rs1805006,16,89985918,16,89919510
rs12931267,16,89818732,16,89752324
rs35264875,11,68846399,11,69078931
rs1805005,16,89985844,16,89919436
rs7495174,15,28344238,15,28099092
rs4959270,6,457748,6,457748
rs10741305,11,88982718,11,89249550
rs12821256,12,89328335,12,88934558
rs10510771,3,54721055,3,54687028
rs10513546,3,159551651,3,159833862
rs11099953,4,155329567,4,154408415
rs11721758,4,155295076,4,154373924
rs12053317,2,219733973,2,218869251
rs1438607,2,223059951,2,222195232
rs1470608,15,28288121,15,28042975
rs1597196,15,28294922,15,28049776
rs17640804,7,42131390,7,42091791
rs1791633,12,52799341,12,52405557
rs1884777,14,37549418,14,37080213
rs2024612,11,31879750,11,31858204
rs2072590,2,177042633,2,176177905
rs224597,11,31979424,11,31957878
rs224644,11,31985157,11,31963611
rs2493272,1,3349513,1,3432949
rs2493292,1,3328659,1,3412095
rs260690,2,109579738,2,108963282
rs285696,19,34266248,19,33775343
rs2871875,15,28264854,15,28019708
rs2981432,10,123326646,10,121567132
rs2981578,10,123340311,10,121580797
rs2999559,1,151997199,1,152024723
rs33051,3,159599190,3,159881401
rs34424,5,107500144,5,108164443
rs3749096,2,109512428,2,108895972
rs3750817,10,123332577,10,121573063
rs3827760,2,109513601,2,108897145
rs3920540,20,7067738,20,7087091
rs446212,6,169464306,6,169064211
rs44637,12,52815465,12,52421681
rs4648379,1,3261516,1,3344952
rs4696584,4,155397517,4,154476365
rs4752566,10,123267631,10,121508117
rs4766640,12,110300147,12,109862342
rs4793422,17,70289225,17,72293084
rs4900109,14,92763391,14,92297047
rs4904847,14,92718046,14,92251702
rs510605,3,54709162,3,54675135
rs515920,3,54718721,3,54684694
rs597340,12,52837719,12,52443935
rs625820,5,177995909,5,178568908
rs6542787,2,109556365,2,108939909
rs662702,11,31809070,11,31787522
rs664776,11,31898473,11,31876927
rs6707044,2,19490759,2,19290998
rs6723140,2,219774700,2,218909978
rs677874,11,31891303,11,31869757
rs6906608,6,411554,6,411554
rs7170852,15,28427986,15,28182840
rs745443,5,171041805,5,171614801
rs7483,1,110279701,1,109737079
rs751135,2,219720349,2,218855626
rs7559271,2,223068286,2,222203567
rs756134,1,110640235,1,110097613
rs7702108,5,72493266,5,73197439
rs825537,2,19495989,2,19296228
rs851320,2,19420316,2,19220555
rs851352,2,19475331,2,19275570
rs868688,1,3300807,1,3384243
rs892540,12,83417475,12,83023696
rs916977,15,28513364,15,28268218
rs9346612,6,169471078,6,169070983
rs938036,10,65658744,10,63898984
rs948413,11,119214771,11,119344061
rs948414,11,119214798,11,119344088
rs9790702,4,154891356,4,153970204
