rsID,gene,chr37,pos37,chr38,pos38
rs312262906,MC1R,16,89985751,16,89919343
rs11547464,MC1R,16,89986091,16,89919683
rs885479,MC1R,16,89986154,16,89919746
rs1805008,MC1R,16,89986144,16,89919736
rs1805005,MC1R,16,89985844,16,89919436
rs1805006,MC1R,16,89985918,16,89919510
rs1805007,MC1R,16,89986117,16,89919709
rs1805009,TUBB3,16,89986546,16,89920138
rs201326893,MC1R,16,89986122,16,89919714
rs2228479,MC1R,16,89985940,16,89919532
rs1110400,MC1R,16,89986130,16,89919722
rs28777,SLC45A2,5,33958959,5,33958854
rs16891982,SLC45A2,5,33951693,5,33951588
rs12821256,KITLG,12,89328335,12,88934558
rs4959270,LOC105374875,6,457748,6,457748
rs12203592,IRF4,6,396321,6,396321
rs1042602,TYR,11,88911696,11,89178528
rs1800407,OCA2,15,28230318,15,27985172
rs2402130,SLC24A4,14,92801203,14,92334859
rs12913832,HERC2,15,28365618,15,28120472
rs2378249,PIGU,20,33218090,20,34630286
rs12896399,LOC105370627,14,92773663,14,92307319
rs1393350,TYR,11,89011046,11,89277878
rs683,TYRP1,9,12709305,9,12709305
rs3114908,ANKRD11,16,89383725,16,89317317
rs1800414,OCA2,15,28197037,15,27951891
rs10756819,BNC2,9,16858084,9,16858086
rs2238289,HERC2,15,28453215,15,28208069
rs17128291,SLC24A4,14,92882826,14,92416482
rs6497292,HERC2,15,28496195,15,28251049
rs1129038,HERC2,15,28356859,15,28111713
rs1667394,HERC2,15,28530182,15,28285036
rs1126809,TYR,11,89017961,11,89284793
rs1470608,OCA2,15,28288121,15,28042975
rs1426654,SLC24A5,15,48426484,15,48134287
rs6119471,ASIP,20,32785212,20,34197406
rs1545397,OCA2,15,28187772,15,27942626
rs6059655,RALY,20,32665748,20,34077942
rs12441727,OCA2,15,28271775,15,28026629
rs3212355,MC1R,16,89984378,16,89917970
rs8051733,DEF8,16,90024206,16,89957798
